{"stats":{"minecraft:used":{"minecraft:dirt":1,"minecraft:mutton":2},"minecraft:custom":{"minecraft:time_since_rest":3481,"minecraft:play_time":6817,"minecraft:sprint_one_cm":36526,"minecraft:walk_one_cm":11812,"minecraft:damage_taken":294,"minecraft:deaths":1,"minecraft:mob_kills":1,"minecraft:drop":1,"minecraft:jump":291,"minecraft:damage_dealt":323,"minecraft:time_since_death":3453,"minecraft:walk_on_water_one_cm":302,"minecraft:total_world_time":6817,"minecraft:fall_one_cm":11294,"minecraft:fly_one_cm":49411,"minecraft:player_kills":1},"minecraft:picked_up":{"minecraft:wheat_seeds":1,"minecraft:oak_log":3,"minecraft:mutton":2,"minecraft:dirt":1,"minecraft:white_wool":2},"minecraft:killed":{"minecraft:sheep":1},"minecraft:mined":{"minecraft:grass":17,"minecraft:grass_block":1,"minecraft:oak_log":3,"minecraft:tall_grass":1,"minecraft:oak_leaves":1},"minecraft:killed_by":{"minecraft:player":1},"minecraft:dropped":{"minecraft:wheat_seeds":1}},"DataVersion":3463}