{"stats":{"minecraft:broken":{"minecraft:iron_pickaxe":1,"minecraft:bow":1},"minecraft:crafted":{"minecraft:oak_planks":44,"minecraft:crafting_table":2,"minecraft:wooden_pickaxe":1,"minecraft:iron_helmet":1,"minecraft:furnace":2,"minecraft:stone_axe":1,"minecraft:cooked_mutton":5,"minecraft:air":0,"minecraft:shield":1,"minecraft:stick":20,"minecraft:iron_pickaxe":2,"minecraft:iron_ingot":42,"minecraft:stone_pickaxe":1,"minecraft:wooden_axe":1,"minecraft:white_bed":1},"minecraft:custom":{"minecraft:interact_with_furnace":27,"minecraft:mob_kills":17,"minecraft:interact_with_crafting_table":12,"minecraft:bell_ring":1,"minecraft:time_since_death":11569,"minecraft:sleep_in_bed":7,"minecraft:time_since_rest":11595,"minecraft:sprint_one_cm":159155,"minecraft:damage_taken":1938,"minecraft:walk_one_cm":80181,"minecraft:damage_blocked_by_shield":150,"minecraft:drop":7,"minecraft:damage_dealt":3191,"minecraft:swim_one_cm":1616,"minecraft:fly_one_cm":141223,"minecraft:player_kills":1,"minecraft:open_chest":4,"minecraft:crouch_one_cm":33275,"minecraft:play_time":54817,"minecraft:deaths":6,"minecraft:sneak_time":12804,"minecraft:walk_under_water_one_cm":2042,"minecraft:jump":1142,"minecraft:walk_on_water_one_cm":2480,"minecraft:total_world_time":54817,"minecraft:fall_one_cm":36634},"minecraft:used":{"minecraft:cooked_mutton":3,"minecraft:stone_sword":42,"minecraft:stone_pickaxe":99,"minecraft:oak_planks":9,"minecraft:shield":4,"minecraft:wooden_pickaxe":4,"minecraft:dirt":7,"minecraft:mutton":4,"minecraft:crafting_table":7,"minecraft:white_bed":7,"minecraft:golden_chestplate":1,"minecraft:tuff":1,"minecraft:wooden_axe":27,"minecraft:iron_pickaxe":443,"minecraft:iron_helmet":1,"minecraft:stone_axe":15,"minecraft:cobblestone":89,"minecraft:bow":3,"minecraft:beef":4,"minecraft:furnace":4,"minecraft:porkchop":5,"minecraft:potato":5,"minecraft:cobbled_deepslate":29},"minecraft:picked_up":{"minecraft:crafting_table":9,"minecraft:leather":18,"minecraft:flint":1,"minecraft:tuff":47,"minecraft:oak_log":11,"minecraft:shield":3,"minecraft:lapis_lazuli":165,"minecraft:dirt":7,"minecraft:cooked_mutton":4,"minecraft:bone":16,"minecraft:bow":7,"minecraft:wheat_seeds":2,"minecraft:cobbled_deepslate":260,"minecraft:iron_ingot":3,"minecraft:beef":4,"minecraft:stone_pickaxe":2,"minecraft:iron_pickaxe":3,"minecraft:oak_planks":92,"minecraft:furnace":8,"minecraft:stick":34,"minecraft:raw_iron":200,"minecraft:gravel":2,"minecraft:porkchop":5,"minecraft:white_bed":7,"minecraft:golden_chestplate":6,"minecraft:stone_sword":6,"minecraft:arrow":9,"minecraft:rotten_flesh":11,"minecraft:diamond":49,"minecraft:stone_axe":5,"minecraft:iron_helmet":3,"minecraft:mutton":8,"minecraft:coal":74,"minecraft:white_wool":9,"minecraft:cobblestone":118},"minecraft:killed":{"minecraft:cave_spider":1,"minecraft:pig":2,"minecraft:creeper":1,"minecraft:skeleton":3,"minecraft:sheep":4,"minecraft:zombie":3,"minecraft:cow":2},"minecraft:mined":{"minecraft:tuff":36,"minecraft:white_bed":7,"minecraft:deepslate_diamond_ore":47,"minecraft:crafting_table":6,"minecraft:grass_block":1,"minecraft:cobblestone":23,"minecraft:tall_grass":1,"minecraft:oak_planks":9,"minecraft:furnace":4,"minecraft:iron_ore":34,"minecraft:deepslate_lapis_ore":12,"minecraft:grass":18,"minecraft:deepslate_iron_ore":50,"minecraft:oak_log":12,"minecraft:coal_ore":18,"minecraft:gravel":3,"minecraft:dirt":6,"minecraft:stone":85,"minecraft:deepslate":233,"minecraft:oak_leaves":3},"minecraft:killed_by":{"minecraft:player":1,"minecraft:cave_spider":1,"minecraft:skeleton":2},"minecraft:dropped":{"minecraft:wheat_seeds":2,"minecraft:raw_iron":2,"minecraft:cooked_mutton":2,"minecraft:wooden_axe":1,"minecraft:stone_pickaxe":1,"minecraft:wooden_pickaxe":1}},"DataVersion":3463}