{"stats":{"minecraft:broken":{"minecraft:iron_pickaxe":1,"minecraft:bow":1},"minecraft:crafted":{"minecraft:oak_planks":44,"minecraft:crafting_table":2,"minecraft:wooden_pickaxe":1,"minecraft:iron_helmet":1,"minecraft:iron_sword":1,"minecraft:furnace":2,"minecraft:stone_axe":1,"minecraft:cooked_mutton":5,"minecraft:air":0,"minecraft:shield":1,"minecraft:stick":20,"minecraft:iron_ingot":52,"minecraft:iron_pickaxe":3,"minecraft:stone_pickaxe":1,"minecraft:wooden_axe":1,"minecraft:white_bed":1},"minecraft:custom":{"minecraft:interact_with_furnace":29,"minecraft:mob_kills":43,"minecraft:interact_with_crafting_table":15,"minecraft:bell_ring":1,"minecraft:leave_game":2,"minecraft:time_since_death":4865,"minecraft:sleep_in_bed":9,"minecraft:time_since_rest":4894,"minecraft:sprint_one_cm":233701,"minecraft:damage_taken":2758,"minecraft:walk_one_cm":114499,"minecraft:damage_blocked_by_shield":405,"minecraft:drop":12,"minecraft:damage_dealt":6020,"minecraft:player_kills":1,"minecraft:swim_one_cm":1616,"minecraft:fly_one_cm":250492,"minecraft:open_chest":10,"minecraft:play_time":74534,"minecraft:crouch_one_cm":37979,"minecraft:sneak_time":13903,"minecraft:deaths":9,"minecraft:walk_under_water_one_cm":5388,"minecraft:jump":1861,"minecraft:walk_on_water_one_cm":5118,"minecraft:total_world_time":74534,"minecraft:fall_one_cm":56322},"minecraft:used":{"minecraft:cooked_mutton":3,"minecraft:stone_sword":51,"minecraft:stone_pickaxe":99,"minecraft:oak_planks":9,"minecraft:wooden_pickaxe":4,"minecraft:shield":9,"minecraft:iron_sword":68,"minecraft:rotten_flesh":6,"minecraft:iron_chestplate":1,"minecraft:dirt":7,"minecraft:mutton":6,"minecraft:crafting_table":8,"minecraft:white_bed":9,"minecraft:golden_chestplate":1,"minecraft:tuff":1,"minecraft:wooden_axe":27,"minecraft:iron_pickaxe":488,"minecraft:iron_helmet":1,"minecraft:stone_axe":16,"minecraft:cobblestone":89,"minecraft:bow":4,"minecraft:beef":4,"minecraft:oak_sapling":1,"minecraft:furnace":4,"minecraft:porkchop":5,"minecraft:potato":5,"minecraft:cobbled_deepslate":150},"minecraft:picked_up":{"minecraft:iron_chestplate":2,"minecraft:crafting_table":10,"minecraft:feather":16,"minecraft:chicken":10,"minecraft:glow_ink_sac":3,"minecraft:leather":29,"minecraft:flint":1,"minecraft:tuff":48,"minecraft:oak_log":11,"minecraft:shield":5,"minecraft:dirt":41,"minecraft:lapis_lazuli":177,"minecraft:string":14,"minecraft:cooked_mutton":4,"minecraft:bone":17,"minecraft:bow":8,"minecraft:wheat_seeds":6,"minecraft:cobbled_deepslate":365,"minecraft:stone_pickaxe":2,"minecraft:iron_ingot":3,"minecraft:beef":24,"minecraft:iron_pickaxe":7,"minecraft:iron_sword":1,"minecraft:oak_planks":92,"minecraft:egg":9,"minecraft:furnace":8,"minecraft:stick":38,"minecraft:raw_iron":200,"minecraft:gravel":2,"minecraft:porkchop":13,"minecraft:white_bed":10,"minecraft:golden_chestplate":6,"minecraft:stone_sword":7,"minecraft:arrow":10,"minecraft:rotten_flesh":16,"minecraft:diamond":49,"minecraft:stone_axe":7,"minecraft:iron_helmet":5,"minecraft:oak_sapling":3,"minecraft:mutton":21,"minecraft:coal":74,"minecraft:white_wool":18,"minecraft:cobblestone":118},"minecraft:killed":{"minecraft:cave_spider":1,"minecraft:pig":5,"minecraft:spider":2,"minecraft:creeper":1,"minecraft:skeleton":4,"minecraft:sheep":10,"minecraft:zombie":4,"minecraft:chicken":6,"minecraft:cow":8},"minecraft:mined":{"minecraft:tuff":37,"minecraft:white_bed":9,"minecraft:deepslate_diamond_ore":47,"minecraft:crafting_table":7,"minecraft:grass_block":1,"minecraft:tall_grass":9,"minecraft:cobblestone":23,"minecraft:oak_planks":9,"minecraft:furnace":4,"minecraft:iron_ore":34,"minecraft:cobbled_deepslate":1,"minecraft:deepslate_lapis_ore":14,"minecraft:grass":29,"minecraft:oak_log":12,"minecraft:coal_ore":18,"minecraft:deepslate_iron_ore":50,"minecraft:gravel":3,"minecraft:dirt":6,"minecraft:stone":85,"minecraft:oak_leaves":4,"minecraft:deepslate":273},"minecraft:killed_by":{"minecraft:player":1,"minecraft:cave_spider":1,"minecraft:skeleton":2,"minecraft:creeper":2},"minecraft:dropped":{"minecraft:wheat_seeds":2,"minecraft:diamond":47,"minecraft:raw_iron":34,"minecraft:rotten_flesh":3,"minecraft:cooked_mutton":2,"minecraft:wooden_axe":1,"minecraft:wooden_pickaxe":1,"minecraft:stone_pickaxe":1,"minecraft:string":3}},"DataVersion":3463}