{"stats":{"minecraft:broken":{"minecraft:bow":1},"minecraft:crafted":{"minecraft:oak_planks":44,"minecraft:crafting_table":2,"minecraft:wooden_pickaxe":1,"minecraft:iron_helmet":1,"minecraft:furnace":1,"minecraft:stone_axe":1,"minecraft:cooked_mutton":5,"minecraft:air":0,"minecraft:shield":1,"minecraft:stick":20,"minecraft:iron_pickaxe":1,"minecraft:iron_ingot":10,"minecraft:stone_pickaxe":1,"minecraft:wooden_axe":1,"minecraft:white_bed":1},"minecraft:custom":{"minecraft:interact_with_furnace":13,"minecraft:mob_kills":15,"minecraft:interact_with_crafting_table":10,"minecraft:bell_ring":1,"minecraft:time_since_death":12738,"minecraft:sleep_in_bed":1,"minecraft:time_since_rest":12765,"minecraft:sprint_one_cm":110309,"minecraft:damage_taken":1114,"minecraft:walk_one_cm":49005,"minecraft:drop":7,"minecraft:damage_dealt":2458,"minecraft:swim_one_cm":138,"minecraft:fly_one_cm":115813,"minecraft:player_kills":1,"minecraft:open_chest":4,"minecraft:crouch_one_cm":15515,"minecraft:play_time":30817,"minecraft:deaths":3,"minecraft:sneak_time":5075,"minecraft:walk_under_water_one_cm":2005,"minecraft:jump":784,"minecraft:walk_on_water_one_cm":1301,"minecraft:total_world_time":30817,"minecraft:fall_one_cm":27199},"minecraft:used":{"minecraft:cooked_mutton":3,"minecraft:stone_sword":25,"minecraft:stone_pickaxe":99,"minecraft:oak_planks":9,"minecraft:wooden_pickaxe":4,"minecraft:dirt":7,"minecraft:mutton":4,"minecraft:crafting_table":5,"minecraft:white_bed":1,"minecraft:golden_chestplate":1,"minecraft:wooden_axe":27,"minecraft:iron_pickaxe":61,"minecraft:iron_helmet":1,"minecraft:stone_axe":12,"minecraft:cobblestone":71,"minecraft:bow":1,"minecraft:beef":4,"minecraft:furnace":2,"minecraft:porkchop":5,"minecraft:potato":5},"minecraft:picked_up":{"minecraft:crafting_table":4,"minecraft:leather":9,"minecraft:oak_log":11,"minecraft:dirt":7,"minecraft:cooked_mutton":4,"minecraft:bone":4,"minecraft:bow":4,"minecraft:wheat_seeds":2,"minecraft:cobbled_deepslate":1,"minecraft:beef":4,"minecraft:stone_pickaxe":2,"minecraft:oak_planks":59,"minecraft:furnace":2,"minecraft:stick":4,"minecraft:raw_iron":35,"minecraft:porkchop":5,"minecraft:white_bed":1,"minecraft:golden_chestplate":3,"minecraft:stone_sword":3,"minecraft:arrow":6,"minecraft:rotten_flesh":1,"minecraft:stone_axe":2,"minecraft:mutton":8,"minecraft:coal":22,"minecraft:white_wool":6,"minecraft:cobblestone":103},"minecraft:killed":{"minecraft:pig":2,"minecraft:creeper":1,"minecraft:skeleton":3,"minecraft:sheep":4,"minecraft:zombie":2,"minecraft:cow":2},"minecraft:mined":{"minecraft:white_bed":1,"minecraft:crafting_table":4,"minecraft:grass_block":1,"minecraft:cobblestone":22,"minecraft:tall_grass":1,"minecraft:oak_planks":9,"minecraft:furnace":2,"minecraft:iron_ore":34,"minecraft:grass":18,"minecraft:deepslate_iron_ore":2,"minecraft:oak_log":12,"minecraft:coal_ore":18,"minecraft:dirt":6,"minecraft:stone":85,"minecraft:deepslate":1,"minecraft:oak_leaves":3},"minecraft:killed_by":{"minecraft:player":1,"minecraft:skeleton":2},"minecraft:dropped":{"minecraft:wheat_seeds":2,"minecraft:raw_iron":2,"minecraft:cooked_mutton":2,"minecraft:wooden_axe":1,"minecraft:stone_pickaxe":1,"minecraft:wooden_pickaxe":1}},"DataVersion":3463}