{"stats":{"minecraft:broken":{"minecraft:bow":1},"minecraft:crafted":{"minecraft:oak_planks":44,"minecraft:crafting_table":2,"minecraft:wooden_pickaxe":1,"minecraft:iron_helmet":1,"minecraft:furnace":2,"minecraft:stone_axe":1,"minecraft:cooked_mutton":5,"minecraft:air":0,"minecraft:shield":1,"minecraft:stick":20,"minecraft:iron_pickaxe":1,"minecraft:iron_ingot":10,"minecraft:stone_pickaxe":1,"minecraft:wooden_axe":1,"minecraft:white_bed":1},"minecraft:custom":{"minecraft:interact_with_furnace":13,"minecraft:mob_kills":17,"minecraft:interact_with_crafting_table":11,"minecraft:bell_ring":1,"minecraft:time_since_death":8194,"minecraft:sleep_in_bed":7,"minecraft:time_since_rest":2767,"minecraft:sprint_one_cm":149366,"minecraft:damage_taken":1738,"minecraft:walk_one_cm":70582,"minecraft:damage_blocked_by_shield":150,"minecraft:drop":7,"minecraft:damage_dealt":3191,"minecraft:swim_one_cm":1616,"minecraft:fly_one_cm":137834,"minecraft:player_kills":1,"minecraft:open_chest":4,"minecraft:crouch_one_cm":22531,"minecraft:play_time":42817,"minecraft:deaths":5,"minecraft:sneak_time":7613,"minecraft:walk_under_water_one_cm":2042,"minecraft:jump":1040,"minecraft:walk_on_water_one_cm":2480,"minecraft:total_world_time":42817,"minecraft:fall_one_cm":33789},"minecraft:used":{"minecraft:cooked_mutton":3,"minecraft:stone_sword":42,"minecraft:stone_pickaxe":99,"minecraft:oak_planks":9,"minecraft:shield":4,"minecraft:wooden_pickaxe":4,"minecraft:dirt":7,"minecraft:mutton":4,"minecraft:crafting_table":6,"minecraft:white_bed":7,"minecraft:golden_chestplate":1,"minecraft:tuff":1,"minecraft:wooden_axe":27,"minecraft:iron_pickaxe":173,"minecraft:iron_helmet":1,"minecraft:stone_axe":14,"minecraft:cobblestone":89,"minecraft:bow":3,"minecraft:beef":4,"minecraft:furnace":2,"minecraft:porkchop":5,"minecraft:potato":5,"minecraft:cobbled_deepslate":22},"minecraft:picked_up":{"minecraft:crafting_table":7,"minecraft:leather":15,"minecraft:tuff":10,"minecraft:oak_log":11,"minecraft:shield":2,"minecraft:lapis_lazuli":100,"minecraft:dirt":7,"minecraft:cooked_mutton":4,"minecraft:bone":12,"minecraft:bow":6,"minecraft:wheat_seeds":2,"minecraft:cobbled_deepslate":55,"minecraft:iron_ingot":2,"minecraft:beef":4,"minecraft:stone_pickaxe":2,"minecraft:iron_pickaxe":2,"minecraft:oak_planks":81,"minecraft:furnace":4,"minecraft:stick":24,"minecraft:raw_iron":128,"minecraft:porkchop":5,"minecraft:white_bed":6,"minecraft:golden_chestplate":5,"minecraft:stone_sword":5,"minecraft:arrow":8,"minecraft:rotten_flesh":7,"minecraft:diamond":2,"minecraft:stone_axe":4,"minecraft:iron_helmet":2,"minecraft:mutton":8,"minecraft:coal":50,"minecraft:white_wool":8,"minecraft:cobblestone":117},"minecraft:killed":{"minecraft:cave_spider":1,"minecraft:pig":2,"minecraft:creeper":1,"minecraft:skeleton":3,"minecraft:sheep":4,"minecraft:zombie":3,"minecraft:cow":2},"minecraft:mined":{"minecraft:tuff":8,"minecraft:white_bed":6,"minecraft:deepslate_diamond_ore":1,"minecraft:crafting_table":5,"minecraft:grass_block":1,"minecraft:cobblestone":23,"minecraft:tall_grass":1,"minecraft:oak_planks":9,"minecraft:furnace":2,"minecraft:iron_ore":34,"minecraft:deepslate_lapis_ore":10,"minecraft:grass":18,"minecraft:deepslate_iron_ore":43,"minecraft:oak_log":12,"minecraft:coal_ore":18,"minecraft:dirt":6,"minecraft:stone":85,"minecraft:deepslate":51,"minecraft:oak_leaves":3},"minecraft:killed_by":{"minecraft:player":1,"minecraft:cave_spider":1,"minecraft:skeleton":2},"minecraft:dropped":{"minecraft:wheat_seeds":2,"minecraft:raw_iron":2,"minecraft:cooked_mutton":2,"minecraft:wooden_axe":1,"minecraft:stone_pickaxe":1,"minecraft:wooden_pickaxe":1}},"DataVersion":3463}