{"stats":{"minecraft:broken":{"minecraft:iron_pickaxe":1,"minecraft:bow":1},"minecraft:crafted":{"minecraft:oak_planks":44,"minecraft:crafting_table":2,"minecraft:wooden_pickaxe":1,"minecraft:iron_helmet":1,"minecraft:iron_sword":1,"minecraft:furnace":5,"minecraft:bucket":1,"minecraft:stone_axe":1,"minecraft:cooked_mutton":5,"minecraft:air":0,"minecraft:shield":1,"minecraft:stick":20,"minecraft:iron_ingot":52,"minecraft:iron_pickaxe":3,"minecraft:stone_pickaxe":1,"minecraft:wooden_axe":1,"minecraft:white_bed":1},"minecraft:custom":{"minecraft:interact_with_furnace":41,"minecraft:mob_kills":45,"minecraft:interact_with_crafting_table":17,"minecraft:open_barrel":3,"minecraft:bell_ring":1,"minecraft:leave_game":2,"minecraft:time_since_death":4092,"minecraft:sleep_in_bed":12,"minecraft:time_since_rest":4122,"minecraft:sprint_one_cm":280641,"minecraft:damage_taken":3608,"minecraft:walk_one_cm":129131,"minecraft:damage_blocked_by_shield":405,"minecraft:drop":13,"minecraft:damage_dealt":8883,"minecraft:talked_to_villager":9,"minecraft:player_kills":1,"minecraft:swim_one_cm":1616,"minecraft:fly_one_cm":325224,"minecraft:open_chest":13,"minecraft:play_time":86534,"minecraft:crouch_one_cm":39794,"minecraft:sneak_time":14338,"minecraft:deaths":12,"minecraft:walk_under_water_one_cm":5388,"minecraft:jump":2308,"minecraft:walk_on_water_one_cm":5243,"minecraft:total_world_time":86534,"minecraft:fall_one_cm":70873},"minecraft:used":{"minecraft:cooked_mutton":3,"minecraft:water_bucket":4,"minecraft:stone_sword":51,"minecraft:stone_pickaxe":99,"minecraft:oak_planks":9,"minecraft:wooden_pickaxe":4,"minecraft:shield":9,"minecraft:iron_sword":117,"minecraft:rotten_flesh":6,"minecraft:iron_chestplate":1,"minecraft:dirt":7,"minecraft:mutton":9,"minecraft:crafting_table":8,"minecraft:white_bed":12,"minecraft:golden_chestplate":1,"minecraft:tuff":1,"minecraft:wooden_axe":27,"minecraft:bread":2,"minecraft:iron_pickaxe":501,"minecraft:iron_helmet":1,"minecraft:stone_axe":16,"minecraft:cobblestone":89,"minecraft:bow":4,"minecraft:beef":4,"minecraft:oak_sapling":1,"minecraft:furnace":7,"minecraft:porkchop":5,"minecraft:bucket":5,"minecraft:egg":5,"minecraft:potato":5,"minecraft:cobbled_deepslate":161},"minecraft:picked_up":{"minecraft:iron_chestplate":5,"minecraft:crafting_table":10,"minecraft:cooked_beef":6,"minecraft:feather":46,"minecraft:chicken":10,"minecraft:glow_ink_sac":3,"minecraft:leather":47,"minecraft:flint":1,"minecraft:tuff":48,"minecraft:oak_log":11,"minecraft:shield":8,"minecraft:dirt":147,"minecraft:lapis_lazuli":177,"minecraft:string":14,"minecraft:cooked_mutton":4,"minecraft:bone":17,"minecraft:bow":8,"minecraft:diamond_leggings":3,"minecraft:wheat_seeds":10,"minecraft:cobbled_deepslate":399,"minecraft:stone_pickaxe":2,"minecraft:iron_ingot":17,"minecraft:beef":24,"minecraft:poppy":5,"minecraft:diamond_helmet":3,"minecraft:iron_pickaxe":13,"minecraft:iron_sword":4,"minecraft:oak_planks":92,"minecraft:egg":14,"minecraft:furnace":8,"minecraft:stick":38,"minecraft:raw_iron":200,"minecraft:gravel":2,"minecraft:porkchop":13,"minecraft:white_bed":13,"minecraft:golden_chestplate":6,"minecraft:diamond_chestplate":1,"minecraft:stone_sword":7,"minecraft:arrow":10,"minecraft:rotten_flesh":16,"minecraft:diamond":49,"minecraft:stone_axe":10,"minecraft:diamond_boots":3,"minecraft:iron_helmet":8,"minecraft:bread":129,"minecraft:oak_sapling":3,"minecraft:mutton":40,"minecraft:coal":74,"minecraft:white_wool":36,"minecraft:cobblestone":120},"minecraft:killed":{"minecraft:cave_spider":1,"minecraft:pig":5,"minecraft:spider":2,"minecraft:iron_golem":2,"minecraft:creeper":1,"minecraft:skeleton":4,"minecraft:sheep":10,"minecraft:zombie":4,"minecraft:chicken":6,"minecraft:cow":8},"minecraft:mined":{"minecraft:tuff":37,"minecraft:white_bed":11,"minecraft:deepslate_diamond_ore":47,"minecraft:crafting_table":7,"minecraft:grass_block":5,"minecraft:tall_grass":10,"minecraft:cobblestone":26,"minecraft:oak_planks":9,"minecraft:furnace":4,"minecraft:iron_ore":34,"minecraft:cobbled_deepslate":10,"minecraft:deepslate_lapis_ore":14,"minecraft:grass":30,"minecraft:oak_log":12,"minecraft:coal_ore":18,"minecraft:deepslate_iron_ore":50,"minecraft:gravel":3,"minecraft:dirt":6,"minecraft:stone":85,"minecraft:oak_leaves":4,"minecraft:deepslate":273},"minecraft:killed_by":{"minecraft:player":1,"minecraft:cave_spider":1,"minecraft:skeleton":2,"minecraft:creeper":2,"minecraft:iron_golem":3},"minecraft:dropped":{"minecraft:wheat_seeds":2,"minecraft:diamond":47,"minecraft:raw_iron":34,"minecraft:feather":10,"minecraft:rotten_flesh":3,"minecraft:cooked_mutton":2,"minecraft:wooden_axe":1,"minecraft:wooden_pickaxe":1,"minecraft:stone_pickaxe":1,"minecraft:string":3}},"DataVersion":3463}