{"stats":{"minecraft:broken":{"minecraft:iron_pickaxe":1,"minecraft:bow":1},"minecraft:crafted":{"minecraft:oak_planks":44,"minecraft:crafting_table":2,"minecraft:wooden_pickaxe":1,"minecraft:iron_helmet":1,"minecraft:furnace":2,"minecraft:stone_axe":1,"minecraft:cooked_mutton":5,"minecraft:air":0,"minecraft:shield":1,"minecraft:stick":20,"minecraft:iron_ingot":42,"minecraft:iron_pickaxe":3,"minecraft:stone_pickaxe":1,"minecraft:wooden_axe":1,"minecraft:white_bed":1},"minecraft:custom":{"minecraft:interact_with_furnace":27,"minecraft:mob_kills":19,"minecraft:interact_with_crafting_table":13,"minecraft:bell_ring":1,"minecraft:leave_game":2,"minecraft:time_since_death":20837,"minecraft:sleep_in_bed":8,"minecraft:time_since_rest":0,"minecraft:sprint_one_cm":182301,"minecraft:damage_taken":2007,"minecraft:walk_one_cm":99106,"minecraft:damage_blocked_by_shield":345,"minecraft:drop":11,"minecraft:damage_dealt":3591,"minecraft:player_kills":1,"minecraft:swim_one_cm":1616,"minecraft:fly_one_cm":157391,"minecraft:open_chest":7,"minecraft:play_time":64085,"minecraft:crouch_one_cm":37365,"minecraft:sneak_time":13750,"minecraft:deaths":6,"minecraft:walk_under_water_one_cm":5388,"minecraft:jump":1417,"minecraft:walk_on_water_one_cm":5118,"minecraft:total_world_time":64085,"minecraft:fall_one_cm":39717},"minecraft:used":{"minecraft:cooked_mutton":3,"minecraft:stone_sword":50,"minecraft:stone_pickaxe":99,"minecraft:oak_planks":9,"minecraft:wooden_pickaxe":4,"minecraft:shield":7,"minecraft:rotten_flesh":6,"minecraft:iron_chestplate":1,"minecraft:dirt":7,"minecraft:mutton":4,"minecraft:crafting_table":8,"minecraft:white_bed":8,"minecraft:golden_chestplate":1,"minecraft:tuff":1,"minecraft:wooden_axe":27,"minecraft:iron_pickaxe":486,"minecraft:iron_helmet":1,"minecraft:stone_axe":16,"minecraft:bow":4,"minecraft:cobblestone":89,"minecraft:beef":4,"minecraft:oak_sapling":1,"minecraft:furnace":4,"minecraft:porkchop":5,"minecraft:potato":5,"minecraft:cobbled_deepslate":122},"minecraft:picked_up":{"minecraft:crafting_table":10,"minecraft:glow_ink_sac":3,"minecraft:leather":18,"minecraft:flint":1,"minecraft:tuff":48,"minecraft:oak_log":11,"minecraft:shield":3,"minecraft:string":12,"minecraft:lapis_lazuli":177,"minecraft:dirt":7,"minecraft:cooked_mutton":4,"minecraft:bone":17,"minecraft:bow":7,"minecraft:wheat_seeds":2,"minecraft:cobbled_deepslate":290,"minecraft:stone_pickaxe":2,"minecraft:iron_ingot":3,"minecraft:beef":4,"minecraft:iron_pickaxe":3,"minecraft:oak_planks":92,"minecraft:furnace":8,"minecraft:stick":36,"minecraft:raw_iron":200,"minecraft:gravel":2,"minecraft:porkchop":5,"minecraft:white_bed":8,"minecraft:golden_chestplate":6,"minecraft:stone_sword":6,"minecraft:arrow":10,"minecraft:rotten_flesh":16,"minecraft:diamond":49,"minecraft:stone_axe":5,"minecraft:iron_helmet":3,"minecraft:oak_sapling":3,"minecraft:mutton":8,"minecraft:coal":74,"minecraft:white_wool":9,"minecraft:cobblestone":118},"minecraft:killed":{"minecraft:cave_spider":1,"minecraft:pig":2,"minecraft:creeper":1,"minecraft:skeleton":4,"minecraft:sheep":4,"minecraft:zombie":4,"minecraft:cow":2},"minecraft:mined":{"minecraft:tuff":37,"minecraft:white_bed":8,"minecraft:deepslate_diamond_ore":47,"minecraft:crafting_table":7,"minecraft:grass_block":1,"minecraft:tall_grass":1,"minecraft:cobblestone":23,"minecraft:oak_planks":9,"minecraft:furnace":4,"minecraft:iron_ore":34,"minecraft:deepslate_lapis_ore":14,"minecraft:grass":18,"minecraft:oak_log":12,"minecraft:coal_ore":18,"minecraft:deepslate_iron_ore":50,"minecraft:gravel":3,"minecraft:dirt":6,"minecraft:stone":85,"minecraft:oak_leaves":3,"minecraft:deepslate":273},"minecraft:killed_by":{"minecraft:player":1,"minecraft:cave_spider":1,"minecraft:skeleton":2},"minecraft:dropped":{"minecraft:wheat_seeds":2,"minecraft:diamond":47,"minecraft:raw_iron":34,"minecraft:rotten_flesh":3,"minecraft:cooked_mutton":2,"minecraft:wooden_axe":1,"minecraft:wooden_pickaxe":1,"minecraft:stone_pickaxe":1,"minecraft:string":1}},"DataVersion":3463}