{"stats":{"minecraft:broken":{"minecraft:bow":1},"minecraft:crafted":{"minecraft:oak_planks":44,"minecraft:crafting_table":1,"minecraft:stick":12,"minecraft:wooden_pickaxe":1,"minecraft:stone_pickaxe":1,"minecraft:wooden_axe":1,"minecraft:white_bed":1,"minecraft:stone_axe":1,"minecraft:air":0,"minecraft:cooked_mutton":5},"minecraft:used":{"minecraft:cooked_mutton":2,"minecraft:wooden_axe":27,"minecraft:stone_sword":10,"minecraft:stone_pickaxe":3,"minecraft:wooden_pickaxe":4,"minecraft:dirt":1,"minecraft:cobblestone":1,"minecraft:mutton":4,"minecraft:bow":1,"minecraft:beef":4,"minecraft:crafting_table":2,"minecraft:porkchop":5,"minecraft:white_bed":1,"minecraft:golden_chestplate":1,"minecraft:potato":5},"minecraft:custom":{"minecraft:time_since_rest":765,"minecraft:interact_with_furnace":2,"minecraft:sprint_one_cm":97256,"minecraft:damage_taken":1054,"minecraft:walk_one_cm":34724,"minecraft:mob_kills":12,"minecraft:drop":5,"minecraft:damage_dealt":1763,"minecraft:player_kills":1,"minecraft:interact_with_crafting_table":5,"minecraft:fly_one_cm":106388,"minecraft:open_chest":4,"minecraft:crouch_one_cm":2901,"minecraft:play_time":18817,"minecraft:deaths":3,"minecraft:sneak_time":802,"minecraft:bell_ring":1,"minecraft:jump":619,"minecraft:walk_on_water_one_cm":502,"minecraft:time_since_death":738,"minecraft:sleep_in_bed":1,"minecraft:total_world_time":18817,"minecraft:fall_one_cm":21696},"minecraft:picked_up":{"minecraft:stick":4,"minecraft:crafting_table":1,"minecraft:leather":9,"minecraft:porkchop":5,"minecraft:oak_log":11,"minecraft:white_bed":1,"minecraft:golden_chestplate":3,"minecraft:dirt":7,"minecraft:bone":4,"minecraft:cooked_mutton":4,"minecraft:stone_sword":3,"minecraft:arrow":6,"minecraft:stone_axe":2,"minecraft:bow":4,"minecraft:wheat_seeds":2,"minecraft:stone_pickaxe":2,"minecraft:beef":4,"minecraft:oak_planks":50,"minecraft:mutton":8,"minecraft:white_wool":6,"minecraft:cobblestone":7},"minecraft:killed":{"minecraft:sheep":4,"minecraft:skeleton":3,"minecraft:zombie":1,"minecraft:pig":2,"minecraft:cow":2},"minecraft:mined":{"minecraft:white_bed":1,"minecraft:crafting_table":1,"minecraft:grass":18,"minecraft:grass_block":1,"minecraft:oak_log":12,"minecraft:dirt":6,"minecraft:tall_grass":1,"minecraft:cobblestone":4,"minecraft:stone":3,"minecraft:oak_leaves":3},"minecraft:killed_by":{"minecraft:player":1,"minecraft:skeleton":2},"minecraft:dropped":{"minecraft:wheat_seeds":2,"minecraft:wooden_axe":1,"minecraft:wooden_pickaxe":1,"minecraft:cooked_mutton":2}},"DataVersion":3463}