{"stats":{"minecraft:broken":{"minecraft:iron_pickaxe":2,"minecraft:bow":1},"minecraft:custom":{"minecraft:mob_kills":46,"minecraft:interact_with_anvil":1,"minecraft:interact_with_crafting_table":20,"minecraft:open_barrel":3,"minecraft:bell_ring":1,"minecraft:leave_game":3,"minecraft:time_since_death":9129,"minecraft:sprint_one_cm":308317,"minecraft:walk_one_cm":141902,"minecraft:damage_blocked_by_shield":405,"minecraft:drop":17,"minecraft:talked_to_villager":18,"minecraft:play_time":96835,"minecraft:deaths":14,"minecraft:sneak_time":14514,"minecraft:walk_under_water_one_cm":6521,"minecraft:jump":2572,"minecraft:walk_on_water_one_cm":5492,"minecraft:total_world_time":96835,"minecraft:interact_with_furnace":54,"minecraft:sleep_in_bed":13,"minecraft:time_since_rest":7590,"minecraft:damage_taken":4207,"minecraft:damage_dealt":10159,"minecraft:swim_one_cm":2725,"minecraft:fly_one_cm":365226,"minecraft:player_kills":1,"minecraft:open_chest":19,"minecraft:crouch_one_cm":40591,"minecraft:fall_one_cm":76657},"minecraft:used":{"minecraft:stone_sword":51,"minecraft:shield":9,"minecraft:iron_sword":137,"minecraft:rotten_flesh":6,"minecraft:iron_chestplate":1,"minecraft:dirt":7,"minecraft:mutton":9,"minecraft:anvil":1,"minecraft:diamond_helmet":2,"minecraft:golden_chestplate":1,"minecraft:tuff":1,"minecraft:wooden_axe":27,"minecraft:iron_helmet":1,"minecraft:diamond_chestplate":1,"minecraft:bow":4,"minecraft:beef":4,"minecraft:furnace":7,"minecraft:oak_sapling":1,"minecraft:egg":5,"minecraft:potato":5,"minecraft:cobbled_deepslate":167,"minecraft:cooked_mutton":3,"minecraft:water_bucket":4,"minecraft:diamond_boots":2,"minecraft:stone_pickaxe":99,"minecraft:oak_planks":9,"minecraft:wooden_pickaxe":4,"minecraft:crafting_table":8,"minecraft:white_bed":14,"minecraft:diamond_pickaxe":1,"minecraft:bread":3,"minecraft:iron_pickaxe":508,"minecraft:stone_axe":16,"minecraft:cobblestone":89,"minecraft:porkchop":5,"minecraft:bucket":5,"minecraft:diamond_leggings":2},"minecraft:crafted":{"minecraft:oak_planks":44,"minecraft:cooked_chicken":6,"minecraft:furnace":5,"minecraft:cooked_mutton":5,"minecraft:stone_pickaxe":1,"minecraft:cooked_beef":11,"minecraft:cooked_porkchop":8,"minecraft:crafting_table":2,"minecraft:wooden_pickaxe":1,"minecraft:iron_helmet":1,"minecraft:iron_sword":1,"minecraft:bucket":1,"minecraft:stone_axe":1,"minecraft:air":0,"minecraft:diamond_pickaxe":1,"minecraft:shield":1,"minecraft:stick":20,"minecraft:iron_ingot":61,"minecraft:iron_pickaxe":3,"minecraft:wooden_axe":1,"minecraft:iron_block":3,"minecraft:anvil":1,"minecraft:white_bed":1},"minecraft:picked_up":{"minecraft:crafting_table":10,"minecraft:iron_chestplate":7,"minecraft:chicken":10,"minecraft:enchanted_book":1,"minecraft:shield":10,"minecraft:string":14,"minecraft:diamond_leggings":5,"minecraft:cobbled_deepslate":418,"minecraft:beef":24,"minecraft:poppy":11,"minecraft:iron_pickaxe":17,"minecraft:furnace":8,"minecraft:egg":14,"minecraft:raw_iron":200,"minecraft:stick":38,"minecraft:porkchop":13,"minecraft:golden_chestplate":6,"minecraft:rotten_flesh":16,"minecraft:stone_sword":7,"minecraft:arrow":10,"minecraft:diamond_chestplate":3,"minecraft:diamond_boots":5,"minecraft:mutton":48,"minecraft:white_wool":48,"minecraft:cobblestone":128,"minecraft:feather":66,"minecraft:cooked_beef":10,"minecraft:glow_ink_sac":3,"minecraft:water_bucket":2,"minecraft:leather":59,"minecraft:flint":1,"minecraft:tuff":48,"minecraft:oak_log":11,"minecraft:lapis_lazuli":177,"minecraft:dirt":230,"minecraft:cooked_mutton":4,"minecraft:bone":17,"minecraft:bow":8,"minecraft:wheat_seeds":10,"minecraft:iron_ingot":25,"minecraft:stone_pickaxe":2,"minecraft:diamond_helmet":5,"minecraft:oak_planks":92,"minecraft:iron_sword":6,"minecraft:gravel":2,"minecraft:white_bed":15,"minecraft:mossy_cobblestone":3,"minecraft:diamond":49,"minecraft:stone_axe":12,"minecraft:iron_helmet":10,"minecraft:bread":239,"minecraft:oak_sapling":6,"minecraft:coal":74},"minecraft:killed":{"minecraft:cave_spider":1,"minecraft:spider":2,"minecraft:skeleton":4,"minecraft:chicken":6,"minecraft:pig":5,"minecraft:iron_golem":3,"minecraft:creeper":1,"minecraft:sheep":10,"minecraft:zombie":4,"minecraft:cow":8},"minecraft:mined":{"minecraft:tuff":37,"minecraft:white_bed":13,"minecraft:deepslate_diamond_ore":47,"minecraft:grass_block":9,"minecraft:furnace":4,"minecraft:iron_ore":34,"minecraft:cobbled_deepslate":11,"minecraft:deepslate_lapis_ore":14,"minecraft:deepslate_iron_ore":50,"minecraft:stone":85,"minecraft:crafting_table":7,"minecraft:cobblestone":30,"minecraft:tall_grass":10,"minecraft:oak_planks":9,"minecraft:grass":32,"minecraft:coal_ore":18,"minecraft:oak_log":12,"minecraft:dirt":6,"minecraft:gravel":3,"minecraft:oak_leaves":4,"minecraft:deepslate":273},"minecraft:killed_by":{"minecraft:player":1,"minecraft:creeper":2,"minecraft:iron_golem":5,"minecraft:cave_spider":1,"minecraft:skeleton":2},"minecraft:dropped":{"minecraft:bread":36,"minecraft:wheat_seeds":2,"minecraft:mossy_cobblestone":3,"minecraft:diamond":47,"minecraft:feather":10,"minecraft:wooden_axe":1,"minecraft:string":3,"minecraft:raw_iron":34,"minecraft:rotten_flesh":3,"minecraft:cooked_mutton":2,"minecraft:oak_sapling":3,"minecraft:stone_pickaxe":1,"minecraft:wooden_pickaxe":1}},"DataVersion":3463}