{"stats":{"minecraft:crafted":{"minecraft:oak_planks":44,"minecraft:cooked_porkchop":17,"minecraft:crafting_table":1,"minecraft:wooden_pickaxe":1,"minecraft:iron_helmet":1,"minecraft:iron_sword":1,"minecraft:furnace":4,"minecraft:stone_axe":1,"minecraft:cooked_mutton":23,"minecraft:air":0,"minecraft:iron_chestplate":1,"minecraft:shield":1,"minecraft:stick":16,"minecraft:iron_ingot":19,"minecraft:iron_pickaxe":1,"minecraft:stone_pickaxe":1,"minecraft:wooden_axe":1,"minecraft:stone_sword":1,"minecraft:torch":12},"minecraft:custom":{"minecraft:interact_with_furnace":38,"minecraft:mob_kills":45,"minecraft:interact_with_crafting_table":9,"minecraft:leave_game":2,"minecraft:time_since_death":437,"minecraft:time_since_rest":481,"minecraft:sprint_one_cm":213833,"minecraft:damage_taken":2425,"minecraft:walk_one_cm":78931,"minecraft:drop":15,"minecraft:damage_dealt":6593,"minecraft:swim_one_cm":3597,"minecraft:fly_one_cm":239443,"minecraft:crouch_one_cm":7700,"minecraft:play_time":51050,"minecraft:deaths":1,"minecraft:sneak_time":3540,"minecraft:walk_under_water_one_cm":1221,"minecraft:jump":1504,"minecraft:walk_on_water_one_cm":3977,"minecraft:total_world_time":51050,"minecraft:fall_one_cm":59054},"minecraft:used":{"minecraft:cooked_mutton":21,"minecraft:stone_sword":73,"minecraft:stone_pickaxe":103,"minecraft:oak_planks":21,"minecraft:wooden_pickaxe":9,"minecraft:iron_sword":70,"minecraft:torch":19,"minecraft:crafting_table":4,"minecraft:golden_chestplate":1,"minecraft:wooden_axe":10,"minecraft:iron_pickaxe":178,"minecraft:stone_axe":7,"minecraft:cobblestone":27,"minecraft:furnace":6,"minecraft:cooked_porkchop":10,"minecraft:cobbled_deepslate":41},"minecraft:picked_up":{"minecraft:crafting_table":3,"minecraft:chest_minecart":2,"minecraft:leather":4,"minecraft:oak_log":13,"minecraft:dirt":1,"minecraft:lapis_lazuli":103,"minecraft:string":1,"minecraft:bone":6,"minecraft:bow":3,"minecraft:wheat_seeds":1,"minecraft:cobbled_deepslate":41,"minecraft:detector_rail":2,"minecraft:raw_gold":14,"minecraft:iron_ingot":1,"minecraft:beef":4,"minecraft:light_gray_wool":1,"minecraft:iron_pickaxe":1,"minecraft:oak_planks":2,"minecraft:furnace":2,"minecraft:raw_iron":93,"minecraft:torch":6,"minecraft:gravel":1,"minecraft:porkchop":17,"minecraft:redstone":16,"minecraft:golden_chestplate":1,"minecraft:pumpkin_seeds":3,"minecraft:arrow":8,"minecraft:rotten_flesh":12,"minecraft:diamond":2,"minecraft:beetroot_seeds":2,"minecraft:mutton":21,"minecraft:coal":40,"minecraft:white_wool":10,"minecraft:rail":8,"minecraft:cobblestone":67},"minecraft:killed":{"minecraft:pig":8,"minecraft:spider":1,"minecraft:creeper":1,"minecraft:sheep":12,"minecraft:skeleton":8,"minecraft:zombie":12,"minecraft:cow":3},"minecraft:mined":{"minecraft:deepslate_diamond_ore":2,"minecraft:crafting_table":3,"minecraft:torch":4,"minecraft:tall_grass":5,"minecraft:cobblestone":3,"minecraft:lapis_ore":5,"minecraft:deepslate_gold_ore":10,"minecraft:oak_planks":2,"minecraft:sculk":2,"minecraft:wall_torch":2,"minecraft:redstone_ore":4,"minecraft:furnace":2,"minecraft:iron_ore":67,"minecraft:cobbled_deepslate":2,"minecraft:andesite":1,"minecraft:deepslate_lapis_ore":12,"minecraft:grass":9,"minecraft:oak_log":13,"minecraft:coal_ore":40,"minecraft:deepslate_iron_ore":26,"minecraft:gravel":1,"minecraft:dirt":1,"minecraft:cobweb":1,"minecraft:stone":65,"minecraft:gold_ore":3,"minecraft:oak_leaves":1,"minecraft:deepslate":41},"minecraft:killed_by":{"minecraft:creeper":1},"minecraft:dropped":{"minecraft:wheat_seeds":1,"minecraft:detector_rail":2,"minecraft:golden_chestplate":1,"minecraft:stone_sword":1,"minecraft:rotten_flesh":2,"minecraft:oak_planks":1,"minecraft:chest_minecart":1,"minecraft:rail":16,"minecraft:dirt":1,"minecraft:beetroot_seeds":2,"minecraft:wooden_axe":1,"minecraft:bow":1,"minecraft:wooden_pickaxe":1,"minecraft:stone_pickaxe":1,"minecraft:iron_pickaxe":1}},"DataVersion":3463}