{"stats":{"minecraft:crafted":{"minecraft:oak_planks":44,"minecraft:crafting_table":1,"minecraft:stick":12,"minecraft:wooden_pickaxe":1,"minecraft:stone_pickaxe":1,"minecraft:wooden_axe":1,"minecraft:stone_sword":1,"minecraft:furnace":1,"minecraft:torch":12,"minecraft:stone_axe":1,"minecraft:air":0,"minecraft:cooked_mutton":4},"minecraft:used":{"minecraft:cooked_mutton":4,"minecraft:wooden_axe":10,"minecraft:stone_sword":33,"minecraft:stone_pickaxe":73,"minecraft:wooden_pickaxe":9,"minecraft:stone_axe":2,"minecraft:torch":3,"minecraft:cobblestone":2,"minecraft:crafting_table":3,"minecraft:furnace":1},"minecraft:custom":{"minecraft:time_since_rest":11838,"minecraft:interact_with_furnace":3,"minecraft:sprint_one_cm":50896,"minecraft:damage_taken":290,"minecraft:walk_one_cm":16970,"minecraft:mob_kills":13,"minecraft:drop":3,"minecraft:damage_dealt":1260,"minecraft:interact_with_crafting_table":5,"minecraft:fly_one_cm":84885,"minecraft:crouch_one_cm":1644,"minecraft:play_time":11838,"minecraft:sneak_time":1031,"minecraft:jump":417,"minecraft:walk_on_water_one_cm":581,"minecraft:time_since_death":11838,"minecraft:total_world_time":11838,"minecraft:fall_one_cm":20085},"minecraft:picked_up":{"minecraft:raw_iron":19,"minecraft:crafting_table":3,"minecraft:porkchop":7,"minecraft:oak_log":11,"minecraft:dirt":1,"minecraft:bone":1,"minecraft:arrow":2,"minecraft:bow":1,"minecraft:beef":1,"minecraft:light_gray_wool":1,"minecraft:mutton":13,"minecraft:coal":40,"minecraft:white_wool":6,"minecraft:cobblestone":21,"minecraft:furnace":1},"minecraft:killed":{"minecraft:skeleton":1,"minecraft:sheep":7,"minecraft:pig":4,"minecraft:cow":1},"minecraft:mined":{"minecraft:furnace":1,"minecraft:iron_ore":19,"minecraft:crafting_table":3,"minecraft:grass":7,"minecraft:oak_log":11,"minecraft:coal_ore":40,"minecraft:dirt":1,"minecraft:tall_grass":3,"minecraft:stone":21,"minecraft:oak_leaves":1},"minecraft:dropped":{"minecraft:dirt":1,"minecraft:wooden_axe":1,"minecraft:wooden_pickaxe":1}},"DataVersion":3463}