{"stats":{"minecraft:crafted":{"minecraft:oak_planks":44,"minecraft:cooked_porkchop":17,"minecraft:crafting_table":1,"minecraft:wooden_pickaxe":1,"minecraft:iron_helmet":1,"minecraft:iron_sword":1,"minecraft:furnace":4,"minecraft:stone_axe":1,"minecraft:cooked_mutton":23,"minecraft:air":0,"minecraft:iron_chestplate":1,"minecraft:shield":1,"minecraft:stick":16,"minecraft:iron_ingot":19,"minecraft:iron_pickaxe":1,"minecraft:stone_pickaxe":1,"minecraft:wooden_axe":1,"minecraft:stone_sword":1,"minecraft:torch":12},"minecraft:custom":{"minecraft:interact_with_furnace":38,"minecraft:mob_kills":40,"minecraft:interact_with_crafting_table":9,"minecraft:time_since_death":35838,"minecraft:time_since_rest":35838,"minecraft:sprint_one_cm":142776,"minecraft:damage_taken":1306,"minecraft:walk_one_cm":56279,"minecraft:drop":9,"minecraft:damage_dealt":5369,"minecraft:fly_one_cm":147072,"minecraft:crouch_one_cm":4130,"minecraft:play_time":35838,"minecraft:sneak_time":2072,"minecraft:walk_under_water_one_cm":378,"minecraft:jump":861,"minecraft:walk_on_water_one_cm":3284,"minecraft:total_world_time":35838,"minecraft:fall_one_cm":34422},"minecraft:used":{"minecraft:cooked_mutton":14,"minecraft:stone_sword":73,"minecraft:stone_pickaxe":103,"minecraft:oak_planks":11,"minecraft:wooden_pickaxe":9,"minecraft:iron_sword":50,"minecraft:torch":17,"minecraft:crafting_table":4,"minecraft:golden_chestplate":1,"minecraft:wooden_axe":10,"minecraft:iron_pickaxe":83,"minecraft:stone_axe":7,"minecraft:cobblestone":21,"minecraft:furnace":6,"minecraft:cooked_porkchop":5},"minecraft:picked_up":{"minecraft:crafting_table":3,"minecraft:chest_minecart":1,"minecraft:leather":4,"minecraft:oak_log":13,"minecraft:string":1,"minecraft:lapis_lazuli":17,"minecraft:dirt":1,"minecraft:bone":4,"minecraft:bow":3,"minecraft:wheat_seeds":1,"minecraft:detector_rail":2,"minecraft:cobbled_deepslate":10,"minecraft:raw_gold":13,"minecraft:iron_ingot":1,"minecraft:beef":4,"minecraft:light_gray_wool":1,"minecraft:oak_planks":2,"minecraft:furnace":2,"minecraft:raw_iron":54,"minecraft:torch":6,"minecraft:porkchop":17,"minecraft:redstone":16,"minecraft:golden_chestplate":1,"minecraft:pumpkin_seeds":3,"minecraft:arrow":7,"minecraft:rotten_flesh":10,"minecraft:beetroot_seeds":2,"minecraft:mutton":21,"minecraft:coal":40,"minecraft:rail":8,"minecraft:white_wool":10,"minecraft:cobblestone":65},"minecraft:killed":{"minecraft:pig":8,"minecraft:spider":1,"minecraft:creeper":1,"minecraft:sheep":12,"minecraft:skeleton":6,"minecraft:zombie":9,"minecraft:cow":3},"minecraft:mined":{"minecraft:crafting_table":3,"minecraft:torch":4,"minecraft:tall_grass":5,"minecraft:cobblestone":3,"minecraft:deepslate_gold_ore":10,"minecraft:oak_planks":2,"minecraft:wall_torch":2,"minecraft:redstone_ore":4,"minecraft:furnace":2,"minecraft:iron_ore":35,"minecraft:deepslate_lapis_ore":4,"minecraft:grass":9,"minecraft:coal_ore":40,"minecraft:oak_log":13,"minecraft:deepslate_iron_ore":19,"minecraft:dirt":1,"minecraft:cobweb":1,"minecraft:stone":60,"minecraft:gold_ore":3,"minecraft:deepslate":11,"minecraft:oak_leaves":1},"minecraft:dropped":{"minecraft:wheat_seeds":1,"minecraft:golden_chestplate":1,"minecraft:stone_sword":1,"minecraft:rotten_flesh":2,"minecraft:dirt":1,"minecraft:wooden_axe":1,"minecraft:bow":1,"minecraft:wooden_pickaxe":1,"minecraft:stone_pickaxe":1}},"DataVersion":3463}