{"stats":{"minecraft:crafted":{"minecraft:oak_planks":44,"minecraft:iron_chestplate":1,"minecraft:crafting_table":1,"minecraft:stick":16,"minecraft:iron_helmet":1,"minecraft:iron_pickaxe":1,"minecraft:iron_ingot":19,"minecraft:wooden_pickaxe":1,"minecraft:stone_pickaxe":1,"minecraft:wooden_axe":1,"minecraft:iron_sword":1,"minecraft:stone_sword":1,"minecraft:furnace":4,"minecraft:torch":12,"minecraft:stone_axe":1,"minecraft:air":0,"minecraft:cooked_mutton":11},"minecraft:used":{"minecraft:cooked_mutton":11,"minecraft:wooden_axe":10,"minecraft:stone_sword":73,"minecraft:stone_pickaxe":103,"minecraft:oak_planks":5,"minecraft:wooden_pickaxe":9,"minecraft:stone_axe":2,"minecraft:torch":8,"minecraft:cobblestone":6,"minecraft:crafting_table":4,"minecraft:furnace":6,"minecraft:golden_chestplate":1},"minecraft:custom":{"minecraft:time_since_rest":23838,"minecraft:interact_with_furnace":31,"minecraft:sprint_one_cm":66714,"minecraft:damage_taken":610,"minecraft:walk_one_cm":29231,"minecraft:mob_kills":27,"minecraft:drop":9,"minecraft:damage_dealt":2869,"minecraft:interact_with_crafting_table":8,"minecraft:fly_one_cm":112628,"minecraft:crouch_one_cm":2771,"minecraft:play_time":23838,"minecraft:sneak_time":1473,"minecraft:jump":593,"minecraft:walk_on_water_one_cm":581,"minecraft:time_since_death":23838,"minecraft:total_world_time":23838,"minecraft:fall_one_cm":26420},"minecraft:picked_up":{"minecraft:raw_iron":19,"minecraft:crafting_table":3,"minecraft:leather":4,"minecraft:torch":3,"minecraft:porkchop":17,"minecraft:oak_log":11,"minecraft:golden_chestplate":1,"minecraft:dirt":1,"minecraft:bone":1,"minecraft:arrow":2,"minecraft:rotten_flesh":2,"minecraft:bow":1,"minecraft:wheat_seeds":1,"minecraft:beef":4,"minecraft:light_gray_wool":1,"minecraft:mutton":21,"minecraft:coal":40,"minecraft:white_wool":10,"minecraft:cobblestone":48,"minecraft:furnace":2},"minecraft:killed":{"minecraft:skeleton":1,"minecraft:sheep":12,"minecraft:zombie":2,"minecraft:pig":8,"minecraft:creeper":1,"minecraft:cow":3},"minecraft:mined":{"minecraft:furnace":2,"minecraft:iron_ore":19,"minecraft:torch":2,"minecraft:crafting_table":3,"minecraft:grass":9,"minecraft:oak_log":11,"minecraft:coal_ore":40,"minecraft:dirt":1,"minecraft:tall_grass":5,"minecraft:stone":48,"minecraft:wall_torch":1,"minecraft:oak_leaves":1},"minecraft:dropped":{"minecraft:dirt":1,"minecraft:wheat_seeds":1,"minecraft:golden_chestplate":1,"minecraft:stone_sword":1,"minecraft:wooden_axe":1,"minecraft:rotten_flesh":2,"minecraft:bow":1,"minecraft:stone_pickaxe":1,"minecraft:wooden_pickaxe":1}},"DataVersion":3463}