{"stats":{"minecraft:crafted":{"minecraft:oak_slab":12,"minecraft:oak_planks":96,"minecraft:stone_shovel":1,"minecraft:barrel":2,"minecraft:emerald":32,"minecraft:tripwire_hook":2,"minecraft:cooked_porkchop":3,"minecraft:crafting_table":1,"minecraft:wooden_pickaxe":1,"minecraft:furnace":1,"minecraft:lever":1,"minecraft:bucket":1,"minecraft:stone_axe":1,"minecraft:white_carpet":6,"minecraft:cooked_mutton":4,"minecraft:bread":6,"minecraft:air":0,"minecraft:oak_trapdoor":2,"minecraft:white_wool":4,"minecraft:stick":12,"minecraft:iron_ingot":2,"minecraft:stone_pickaxe":1,"minecraft:wooden_axe":1,"minecraft:chest":2,"minecraft:stone_hoe":1,"minecraft:shears":1,"minecraft:wheat":18},"minecraft:custom":{"minecraft:interact_with_furnace":8,"minecraft:mob_kills":15,"minecraft:traded_with_villager":32,"minecraft:interact_with_crafting_table":24,"minecraft:time_since_death":610,"minecraft:sleep_in_bed":1,"minecraft:time_since_rest":645,"minecraft:sprint_one_cm":152258,"minecraft:damage_taken":851,"minecraft:walk_one_cm":69575,"minecraft:drop":21,"minecraft:damage_dealt":6169,"minecraft:talked_to_villager":9,"minecraft:fly_one_cm":156236,"minecraft:open_chest":7,"minecraft:crouch_one_cm":15966,"minecraft:play_time":35947,"minecraft:deaths":1,"minecraft:sneak_time":5941,"minecraft:jump":870,"minecraft:walk_on_water_one_cm":3920,"minecraft:total_world_time":35947,"minecraft:fall_one_cm":26867},"minecraft:used":{"minecraft:oak_trapdoor":5,"minecraft:cooked_mutton":3,"minecraft:water_bucket":6,"minecraft:stone_shovel":111,"minecraft:stone_pickaxe":65,"minecraft:oak_planks":3,"minecraft:chest":2,"minecraft:wooden_pickaxe":7,"minecraft:composter":1,"minecraft:stone_hoe":29,"minecraft:dirt":104,"minecraft:white_carpet":6,"minecraft:oak_slab":9,"minecraft:crafting_table":2,"minecraft:white_bed":3,"minecraft:shears":4,"minecraft:wooden_axe":40,"minecraft:lever":2,"minecraft:bread":9,"minecraft:string":8,"minecraft:barrel":8,"minecraft:stone_axe":70,"minecraft:tripwire_hook":4,"minecraft:furnace":1,"minecraft:cooked_porkchop":3,"minecraft:bucket":6,"minecraft:yellow_bed":4},"minecraft:picked_up":{"minecraft:wooden_axe":1,"minecraft:crafting_table":1,"minecraft:wheat":1,"minecraft:tripwire_hook":2,"minecraft:oak_log":24,"minecraft:brewing_stand":4,"minecraft:yellow_bed":4,"minecraft:oak_trapdoor":3,"minecraft:string":1324,"minecraft:dirt":144,"minecraft:cooked_mutton":5,"minecraft:apple":1,"minecraft:stonecutter":1,"minecraft:wheat_seeds":6,"minecraft:stone_pickaxe":1,"minecraft:iron_ingot":18,"minecraft:poppy":4,"minecraft:light_gray_wool":1,"minecraft:lectern":1,"minecraft:stone_hoe":1,"minecraft:oak_planks":3,"minecraft:oak_slab":5,"minecraft:book":12,"minecraft:raw_iron":2,"minecraft:stick":3,"minecraft:composter":5,"minecraft:porkchop":3,"minecraft:blast_furnace":1,"minecraft:white_bed":3,"minecraft:barrel":6,"minecraft:spider_eye":1,"minecraft:rotten_flesh":3,"minecraft:stone_axe":1,"minecraft:lever":1,"minecraft:shears":1,"minecraft:hay_block":27,"minecraft:emerald":32,"minecraft:mutton":7,"minecraft:coal":42,"minecraft:white_wool":3,"minecraft:cobblestone":20},"minecraft:killed":{"minecraft:pig":2,"minecraft:spider":1,"minecraft:iron_golem":4,"minecraft:sheep":4,"minecraft:skeleton":1,"minecraft:zombie":3},"minecraft:mined":{"minecraft:oak_slab":5,"minecraft:white_bed":3,"minecraft:brewing_stand":4,"minecraft:crafting_table":1,"minecraft:lever":1,"minecraft:blast_furnace":1,"minecraft:grass_block":41,"minecraft:lectern":1,"minecraft:tall_grass":2,"minecraft:cobblestone":1,"minecraft:oak_planks":3,"minecraft:composter":5,"minecraft:hay_block":27,"minecraft:oak_trapdoor":3,"minecraft:barrel":6,"minecraft:wheat":1,"minecraft:bee_nest":1,"minecraft:yellow_bed":4,"minecraft:grass":14,"minecraft:bookshelf":4,"minecraft:coal_ore":42,"minecraft:oak_log":24,"minecraft:dirt":91,"minecraft:stonecutter":1,"minecraft:stone":19},"minecraft:killed_by":{"minecraft:iron_golem":1},"minecraft:dropped":{"minecraft:oak_slab":2,"minecraft:wheat_seeds":6,"minecraft:wheat":1,"minecraft:light_gray_wool":1,"minecraft:stick":1,"minecraft:poppy":4,"minecraft:dirt":9,"minecraft:wooden_axe":2,"minecraft:spider_eye":1,"minecraft:stonecutter":1,"minecraft:wooden_pickaxe":1}},"DataVersion":3463}