{"stats":{"minecraft:crafted":{"minecraft:oak_slab":6,"minecraft:oak_planks":96,"minecraft:stone_shovel":1,"minecraft:tripwire_hook":2,"minecraft:cooked_porkchop":3,"minecraft:crafting_table":1,"minecraft:wooden_pickaxe":1,"minecraft:furnace":1,"minecraft:bucket":1,"minecraft:stone_axe":1,"minecraft:bread":6,"minecraft:air":0,"minecraft:oak_trapdoor":2,"minecraft:stick":12,"minecraft:stone_pickaxe":1,"minecraft:wooden_axe":1,"minecraft:stone_hoe":1,"minecraft:wheat":18},"minecraft:custom":{"minecraft:interact_with_furnace":4,"minecraft:mob_kills":12,"minecraft:interact_with_crafting_table":17,"minecraft:time_since_death":23947,"minecraft:sleep_in_bed":1,"minecraft:time_since_rest":4676,"minecraft:sprint_one_cm":112852,"minecraft:damage_taken":495,"minecraft:walk_one_cm":47209,"minecraft:drop":17,"minecraft:damage_dealt":2629,"minecraft:fly_one_cm":117068,"minecraft:open_chest":2,"minecraft:crouch_one_cm":12154,"minecraft:play_time":23947,"minecraft:sneak_time":4008,"minecraft:jump":551,"minecraft:walk_on_water_one_cm":641,"minecraft:total_world_time":23947,"minecraft:fall_one_cm":19849},"minecraft:used":{"minecraft:oak_trapdoor":3,"minecraft:water_bucket":2,"minecraft:stone_shovel":89,"minecraft:stone_pickaxe":62,"minecraft:wooden_pickaxe":7,"minecraft:composter":1,"minecraft:stone_hoe":29,"minecraft:dirt":71,"minecraft:oak_slab":4,"minecraft:crafting_table":2,"minecraft:white_bed":3,"minecraft:wooden_axe":40,"minecraft:bread":9,"minecraft:string":2,"minecraft:stone_axe":22,"minecraft:tripwire_hook":2,"minecraft:furnace":1,"minecraft:cooked_porkchop":3,"minecraft:bucket":2,"minecraft:yellow_bed":4},"minecraft:picked_up":{"minecraft:wooden_axe":1,"minecraft:crafting_table":1,"minecraft:wheat":1,"minecraft:oak_log":24,"minecraft:brewing_stand":4,"minecraft:yellow_bed":4,"minecraft:oak_trapdoor":1,"minecraft:string":2,"minecraft:dirt":114,"minecraft:cooked_mutton":2,"minecraft:apple":1,"minecraft:stonecutter":1,"minecraft:wheat_seeds":6,"minecraft:iron_ingot":4,"minecraft:light_gray_wool":1,"minecraft:lectern":1,"minecraft:book":12,"minecraft:stick":3,"minecraft:composter":5,"minecraft:porkchop":3,"minecraft:blast_furnace":1,"minecraft:white_bed":3,"minecraft:spider_eye":1,"minecraft:rotten_flesh":3,"minecraft:hay_block":27,"minecraft:mutton":7,"minecraft:coal":42,"minecraft:white_wool":3,"minecraft:cobblestone":17},"minecraft:killed":{"minecraft:pig":2,"minecraft:spider":1,"minecraft:iron_golem":1,"minecraft:sheep":4,"minecraft:skeleton":1,"minecraft:zombie":3},"minecraft:mined":{"minecraft:white_bed":3,"minecraft:brewing_stand":4,"minecraft:crafting_table":1,"minecraft:blast_furnace":1,"minecraft:grass_block":37,"minecraft:lectern":1,"minecraft:tall_grass":2,"minecraft:cobblestone":1,"minecraft:composter":5,"minecraft:hay_block":27,"minecraft:oak_trapdoor":1,"minecraft:wheat":1,"minecraft:bee_nest":1,"minecraft:yellow_bed":4,"minecraft:grass":14,"minecraft:bookshelf":4,"minecraft:coal_ore":42,"minecraft:oak_log":24,"minecraft:dirt":66,"minecraft:stonecutter":1,"minecraft:stone":16},"minecraft:dropped":{"minecraft:oak_slab":2,"minecraft:wheat_seeds":6,"minecraft:wheat":1,"minecraft:light_gray_wool":1,"minecraft:stick":1,"minecraft:dirt":8,"minecraft:wooden_axe":2,"minecraft:spider_eye":1,"minecraft:stonecutter":1,"minecraft:wooden_pickaxe":1}},"DataVersion":3463}