{"stats":{"minecraft:crafted":{"minecraft:oak_planks":96,"minecraft:cooked_porkchop":3,"minecraft:crafting_table":1,"minecraft:stick":8,"minecraft:wooden_pickaxe":1,"minecraft:stone_pickaxe":1,"minecraft:wooden_axe":1,"minecraft:furnace":1,"minecraft:stone_hoe":1,"minecraft:air":0},"minecraft:used":{"minecraft:wooden_axe":40,"minecraft:stone_pickaxe":62,"minecraft:wooden_pickaxe":7,"minecraft:stone_hoe":28,"minecraft:dirt":5,"minecraft:crafting_table":2,"minecraft:furnace":1,"minecraft:cooked_porkchop":3},"minecraft:custom":{"minecraft:time_since_rest":11947,"minecraft:interact_with_furnace":3,"minecraft:sprint_one_cm":52913,"minecraft:damage_taken":170,"minecraft:walk_one_cm":17749,"minecraft:mob_kills":7,"minecraft:drop":7,"minecraft:damage_dealt":1519,"minecraft:interact_with_crafting_table":5,"minecraft:fly_one_cm":53305,"minecraft:open_chest":2,"minecraft:crouch_one_cm":6546,"minecraft:play_time":11947,"minecraft:sneak_time":2629,"minecraft:jump":241,"minecraft:time_since_death":11947,"minecraft:total_world_time":11947,"minecraft:fall_one_cm":8896},"minecraft:picked_up":{"minecraft:stick":2,"minecraft:crafting_table":1,"minecraft:porkchop":3,"minecraft:oak_log":24,"minecraft:blast_furnace":1,"minecraft:brewing_stand":4,"minecraft:yellow_bed":3,"minecraft:white_bed":3,"minecraft:dirt":13,"minecraft:stonecutter":1,"minecraft:wheat_seeds":1,"minecraft:hay_block":27,"minecraft:iron_ingot":4,"minecraft:light_gray_wool":1,"minecraft:mutton":7,"minecraft:coal":42,"minecraft:white_wool":3,"minecraft:cobblestone":17},"minecraft:killed":{"minecraft:sheep":4,"minecraft:pig":2,"minecraft:iron_golem":1},"minecraft:mined":{"minecraft:hay_block":27,"minecraft:white_bed":3,"minecraft:brewing_stand":4,"minecraft:yellow_bed":3,"minecraft:bee_nest":1,"minecraft:crafting_table":1,"minecraft:grass":8,"minecraft:blast_furnace":1,"minecraft:oak_log":24,"minecraft:grass_block":3,"minecraft:coal_ore":42,"minecraft:dirt":6,"minecraft:cobblestone":1,"minecraft:stonecutter":1,"minecraft:stone":16},"minecraft:dropped":{"minecraft:dirt":8,"minecraft:wheat_seeds":1,"minecraft:wooden_axe":1,"minecraft:light_gray_wool":1,"minecraft:stonecutter":1,"minecraft:wooden_pickaxe":1}},"DataVersion":3463}