{"stats":{"minecraft:custom":{"minecraft:mob_kills":24,"minecraft:inspect_hopper":1,"minecraft:interact_with_crafting_table":48,"minecraft:leave_game":2,"minecraft:time_since_death":71393,"minecraft:sprint_one_cm":341487,"minecraft:walk_one_cm":213617,"minecraft:drop":103,"minecraft:talked_to_villager":84,"minecraft:play_time":106730,"minecraft:deaths":1,"minecraft:sneak_time":9231,"minecraft:jump":2136,"minecraft:walk_on_water_one_cm":9766,"minecraft:total_world_time":106730,"minecraft:interact_with_furnace":19,"minecraft:traded_with_villager":460,"minecraft:sleep_in_bed":9,"minecraft:time_since_rest":8254,"minecraft:damage_taken":1423,"minecraft:damage_dealt":9818,"minecraft:fly_one_cm":343301,"minecraft:open_chest":70,"minecraft:crouch_one_cm":27946,"minecraft:fall_one_cm":57125},"minecraft:crafted":{"minecraft:oak_planks":356,"minecraft:stone_shovel":1,"minecraft:barrel":3,"minecraft:tripwire_hook":2,"minecraft:furnace":1,"minecraft:lever":1,"minecraft:bookshelf":4,"minecraft:white_carpet":6,"minecraft:cooked_mutton":4,"minecraft:oak_trapdoor":4,"minecraft:hopper":8,"minecraft:diamond_helmet":2,"minecraft:diamond_leggings":3,"minecraft:iron_axe":1,"minecraft:stone_pickaxe":1,"minecraft:chest":23,"minecraft:diamond_boots":3,"minecraft:stone_hoe":1,"minecraft:chainmail_leggings":12,"minecraft:wheat":243,"minecraft:cooked_beef":4,"minecraft:oak_slab":24,"minecraft:emerald":396,"minecraft:cooked_porkchop":3,"minecraft:crafting_table":1,"minecraft:wooden_pickaxe":1,"minecraft:bucket":1,"minecraft:stone_axe":1,"minecraft:enchanted_book":4,"minecraft:bread":153,"minecraft:air":0,"minecraft:lectern":2,"minecraft:white_wool":20,"minecraft:iron_chestplate":10,"minecraft:shield":12,"minecraft:stick":36,"minecraft:iron_ingot":23,"minecraft:iron_pickaxe":2,"minecraft:wooden_axe":1,"minecraft:iron_shovel":1,"minecraft:white_bed":5,"minecraft:shears":1,"minecraft:diamond_chestplate":2},"minecraft:used":{"minecraft:oak_trapdoor":12,"minecraft:iron_shovel":219,"minecraft:stone_shovel":111,"minecraft:chest":16,"minecraft:stone_hoe":29,"minecraft:iron_chestplate":1,"minecraft:dirt":183,"minecraft:white_carpet":6,"minecraft:hopper":8,"minecraft:wooden_axe":40,"minecraft:bookshelf":2,"minecraft:iron_axe":128,"minecraft:barrel":11,"minecraft:tripwire_hook":5,"minecraft:furnace":1,"minecraft:cooked_beef":2,"minecraft:cooked_mutton":6,"minecraft:water_bucket":6,"minecraft:diamond_boots":1,"minecraft:stone_pickaxe":66,"minecraft:oak_planks":3,"minecraft:wooden_pickaxe":7,"minecraft:composter":3,"minecraft:mossy_cobblestone":1,"minecraft:oak_slab":9,"minecraft:crafting_table":2,"minecraft:blast_furnace":2,"minecraft:white_bed":8,"minecraft:shears":5,"minecraft:oak_log":10,"minecraft:lever":2,"minecraft:bread":21,"minecraft:string":10,"minecraft:iron_pickaxe":33,"minecraft:lectern":11,"minecraft:stone_axe":84,"minecraft:cobblestone":2,"minecraft:cooked_porkchop":3,"minecraft:bucket":6,"minecraft:yellow_bed":4,"minecraft:diamond_leggings":1},"minecraft:picked_up":{"minecraft:wooden_axe":1,"minecraft:crafting_table":1,"minecraft:wheat":1,"minecraft:brewing_stand":4,"minecraft:string":8574,"minecraft:oak_trapdoor":8,"minecraft:iron_pickaxe":1,"minecraft:poppy":7,"minecraft:light_gray_wool":1,"minecraft:lectern":10,"minecraft:chest":1,"minecraft:stick":8,"minecraft:raw_iron":34,"minecraft:composter":7,"minecraft:torch":2,"minecraft:porkchop":3,"minecraft:rotten_flesh":7,"minecraft:shears":1,"minecraft:hay_block":27,"minecraft:mutton":7,"minecraft:white_wool":3,"minecraft:cobblestone":47,"minecraft:stripped_oak_log":16,"minecraft:tripwire_hook":3,"minecraft:andesite":2,"minecraft:oak_log":83,"minecraft:yellow_bed":4,"minecraft:dirt":389,"minecraft:cooked_mutton":5,"minecraft:apple":1,"minecraft:stonecutter":1,"minecraft:wheat_seeds":8,"minecraft:stone_pickaxe":2,"minecraft:iron_ingot":43,"minecraft:oak_planks":3,"minecraft:stone_hoe":1,"minecraft:book":18,"minecraft:oak_slab":5,"minecraft:blast_furnace":2,"minecraft:white_bed":3,"minecraft:barrel":8,"minecraft:spider_eye":1,"minecraft:mossy_cobblestone":8,"minecraft:diamond":47,"minecraft:stone_axe":1,"minecraft:lever":1,"minecraft:bread":30,"minecraft:emerald":48,"minecraft:oak_sapling":10,"minecraft:coal":42},"minecraft:killed":{"minecraft:spider":1,"minecraft:skeleton":2,"minecraft:pig":2,"minecraft:iron_golem":8,"minecraft:sheep":4,"minecraft:zombie":7},"minecraft:mined":{"minecraft:white_bed":3,"minecraft:mossy_cobblestone":5,"minecraft:brewing_stand":4,"minecraft:lever":1,"minecraft:grass_block":144,"minecraft:composter":6,"minecraft:hay_block":27,"minecraft:oak_trapdoor":8,"minecraft:barrel":8,"minecraft:andesite":2,"minecraft:bookshelf":6,"minecraft:dirt_path":7,"minecraft:stripped_oak_log":16,"minecraft:stone":19,"minecraft:oak_slab":5,"minecraft:glass_pane":2,"minecraft:crafting_table":1,"minecraft:blast_furnace":2,"minecraft:chest":1,"minecraft:lectern":10,"minecraft:tall_grass":2,"minecraft:cobblestone":26,"minecraft:oak_planks":3,"minecraft:wheat":1,"minecraft:bee_nest":1,"minecraft:yellow_bed":4,"minecraft:grass":18,"minecraft:oak_log":84,"minecraft:coal_ore":42,"minecraft:dirt":218,"minecraft:tripwire_hook":1,"minecraft:stonecutter":1,"minecraft:oak_leaves":9},"minecraft:killed_by":{"minecraft:iron_golem":1},"minecraft:dropped":{"minecraft:enchanted_book":1,"minecraft:bread":136,"minecraft:oak_slab":2,"minecraft:wheat_seeds":8,"minecraft:cooked_beef":2,"minecraft:mossy_cobblestone":7,"minecraft:diamond_leggings":2,"minecraft:stick":6,"minecraft:dirt":52,"minecraft:torch":2,"minecraft:wooden_axe":2,"minecraft:diamond_helmet":1,"minecraft:stonecutter":1,"minecraft:iron_pickaxe":2,"minecraft:chainmail_leggings":12,"minecraft:wheat":1,"minecraft:composter":1,"minecraft:rotten_flesh":4,"minecraft:light_gray_wool":1,"minecraft:poppy":7,"minecraft:shield":11,"minecraft:diamond_chestplate":1,"minecraft:iron_chestplate":9,"minecraft:andesite":2,"minecraft:oak_sapling":10,"minecraft:spider_eye":1,"minecraft:diamond_boots":2,"minecraft:wooden_pickaxe":1,"minecraft:stone_pickaxe":2}},"DataVersion":3463}