{"stats":{"minecraft:crafted":{"minecraft:oak_slab":12,"minecraft:oak_planks":96,"minecraft:stone_shovel":1,"minecraft:barrel":3,"minecraft:emerald":32,"minecraft:tripwire_hook":2,"minecraft:cooked_porkchop":3,"minecraft:crafting_table":1,"minecraft:wooden_pickaxe":1,"minecraft:furnace":1,"minecraft:lever":1,"minecraft:bucket":1,"minecraft:stone_axe":1,"minecraft:white_carpet":6,"minecraft:cooked_mutton":4,"minecraft:bread":6,"minecraft:air":0,"minecraft:oak_trapdoor":4,"minecraft:iron_chestplate":3,"minecraft:white_wool":20,"minecraft:iron_axe":1,"minecraft:stick":36,"minecraft:iron_ingot":2,"minecraft:iron_pickaxe":2,"minecraft:stone_pickaxe":1,"minecraft:wooden_axe":1,"minecraft:iron_shovel":1,"minecraft:chest":2,"minecraft:white_bed":5,"minecraft:stone_hoe":1,"minecraft:shears":1,"minecraft:wheat":18},"minecraft:custom":{"minecraft:interact_with_furnace":8,"minecraft:mob_kills":17,"minecraft:traded_with_villager":35,"minecraft:interact_with_crafting_table":33,"minecraft:time_since_death":12610,"minecraft:sleep_in_bed":3,"minecraft:time_since_rest":2767,"minecraft:sprint_one_cm":172585,"minecraft:damage_taken":1149,"minecraft:walk_one_cm":93362,"minecraft:drop":26,"minecraft:damage_dealt":6814,"minecraft:talked_to_villager":15,"minecraft:fly_one_cm":178438,"minecraft:open_chest":20,"minecraft:crouch_one_cm":18830,"minecraft:play_time":47947,"minecraft:deaths":1,"minecraft:sneak_time":6714,"minecraft:jump":1024,"minecraft:walk_on_water_one_cm":5079,"minecraft:total_world_time":47947,"minecraft:fall_one_cm":31122},"minecraft:used":{"minecraft:oak_trapdoor":12,"minecraft:cooked_mutton":6,"minecraft:water_bucket":6,"minecraft:iron_shovel":76,"minecraft:stone_shovel":111,"minecraft:stone_pickaxe":66,"minecraft:oak_planks":3,"minecraft:chest":2,"minecraft:wooden_pickaxe":7,"minecraft:composter":1,"minecraft:stone_hoe":29,"minecraft:iron_chestplate":1,"minecraft:dirt":110,"minecraft:white_carpet":6,"minecraft:oak_slab":9,"minecraft:crafting_table":2,"minecraft:blast_furnace":1,"minecraft:white_bed":7,"minecraft:shears":4,"minecraft:wooden_axe":40,"minecraft:lever":2,"minecraft:bread":9,"minecraft:string":8,"minecraft:barrel":11,"minecraft:stone_axe":84,"minecraft:tripwire_hook":4,"minecraft:cobblestone":1,"minecraft:furnace":1,"minecraft:cooked_porkchop":3,"minecraft:bucket":6,"minecraft:yellow_bed":4},"minecraft:picked_up":{"minecraft:wooden_axe":1,"minecraft:crafting_table":1,"minecraft:wheat":1,"minecraft:tripwire_hook":2,"minecraft:oak_log":24,"minecraft:brewing_stand":4,"minecraft:yellow_bed":4,"minecraft:oak_trapdoor":8,"minecraft:string":2333,"minecraft:dirt":226,"minecraft:cooked_mutton":5,"minecraft:apple":1,"minecraft:stonecutter":1,"minecraft:wheat_seeds":7,"minecraft:stone_pickaxe":2,"minecraft:iron_ingot":22,"minecraft:poppy":5,"minecraft:light_gray_wool":1,"minecraft:lectern":1,"minecraft:stone_hoe":1,"minecraft:oak_planks":3,"minecraft:oak_slab":5,"minecraft:book":12,"minecraft:raw_iron":2,"minecraft:stick":3,"minecraft:composter":5,"minecraft:porkchop":3,"minecraft:blast_furnace":1,"minecraft:white_bed":3,"minecraft:barrel":8,"minecraft:spider_eye":1,"minecraft:rotten_flesh":3,"minecraft:stone_axe":1,"minecraft:lever":1,"minecraft:shears":1,"minecraft:hay_block":27,"minecraft:emerald":32,"minecraft:mutton":7,"minecraft:coal":42,"minecraft:white_wool":3,"minecraft:cobblestone":21},"minecraft:killed":{"minecraft:pig":2,"minecraft:spider":1,"minecraft:iron_golem":5,"minecraft:sheep":4,"minecraft:skeleton":2,"minecraft:zombie":3},"minecraft:mined":{"minecraft:oak_slab":5,"minecraft:white_bed":3,"minecraft:brewing_stand":4,"minecraft:crafting_table":1,"minecraft:lever":1,"minecraft:blast_furnace":1,"minecraft:grass_block":65,"minecraft:lectern":1,"minecraft:tall_grass":2,"minecraft:cobblestone":2,"minecraft:oak_planks":3,"minecraft:composter":5,"minecraft:hay_block":27,"minecraft:oak_trapdoor":8,"minecraft:barrel":8,"minecraft:wheat":1,"minecraft:bee_nest":1,"minecraft:yellow_bed":4,"minecraft:grass":14,"minecraft:bookshelf":4,"minecraft:coal_ore":42,"minecraft:oak_log":24,"minecraft:dirt":149,"minecraft:stonecutter":1,"minecraft:stone":19},"minecraft:killed_by":{"minecraft:iron_golem":1},"minecraft:dropped":{"minecraft:oak_slab":2,"minecraft:wheat_seeds":7,"minecraft:wheat":1,"minecraft:light_gray_wool":1,"minecraft:stick":1,"minecraft:poppy":5,"minecraft:dirt":9,"minecraft:iron_chestplate":1,"minecraft:wooden_axe":2,"minecraft:spider_eye":1,"minecraft:stonecutter":1,"minecraft:stone_pickaxe":2,"minecraft:wooden_pickaxe":1}},"DataVersion":3463}