{"stats":{"minecraft:used":{"minecraft:stone_pickaxe":55,"minecraft:wooden_pickaxe":3,"minecraft:wooden_shovel":9,"minecraft:iron_chestplate":1,"minecraft:dirt":2,"minecraft:crafting_table":1},"minecraft:crafted":{"minecraft:oak_planks":20,"minecraft:wooden_shovel":1,"minecraft:emerald":16,"minecraft:crafting_table":1,"minecraft:stick":12,"minecraft:wooden_pickaxe":1,"minecraft:stone_pickaxe":2,"minecraft:air":0},"minecraft:custom":{"minecraft:time_since_rest":8613,"minecraft:sprint_one_cm":36558,"minecraft:damage_taken":596,"minecraft:walk_one_cm":24553,"minecraft:drop":21,"minecraft:damage_dealt":224,"minecraft:traded_with_villager":16,"minecraft:player_kills":1,"minecraft:interact_with_crafting_table":5,"minecraft:talked_to_villager":8,"minecraft:fly_one_cm":54211,"minecraft:open_chest":2,"minecraft:crouch_one_cm":65,"minecraft:play_time":14088,"minecraft:deaths":2,"minecraft:sneak_time":6,"minecraft:jump":288,"minecraft:leave_game":3,"minecraft:time_since_death":8588,"minecraft:sleep_in_bed":1,"minecraft:total_world_time":14088,"minecraft:fall_one_cm":13095},"minecraft:picked_up":{"minecraft:iron_chestplate":1,"minecraft:andesite":3,"minecraft:oak_log":5,"minecraft:string":1,"minecraft:dirt":11,"minecraft:coal":1,"minecraft:cobblestone":52},"minecraft:mined":{"minecraft:andesite":3,"minecraft:grass":5,"minecraft:coal_ore":1,"minecraft:grass_block":3,"minecraft:oak_log":5,"minecraft:dirt":8,"minecraft:tall_grass":1,"minecraft:cobblestone":3,"minecraft:stone":51,"minecraft:oak_leaves":1},"minecraft:killed_by":{"minecraft:player":1},"minecraft:dropped":{"minecraft:string":1305}},"DataVersion":3463}