{"stats":{"minecraft:crafted":{"minecraft:oak_planks":20,"minecraft:wooden_shovel":1,"minecraft:crafting_table":1,"minecraft:stick":12,"minecraft:stone_pickaxe":1,"minecraft:wooden_pickaxe":1},"minecraft:used":{"minecraft:dirt":2,"minecraft:crafting_table":1,"minecraft:stone_pickaxe":41,"minecraft:wooden_pickaxe":3,"minecraft:wooden_shovel":9},"minecraft:custom":{"minecraft:time_since_rest":6170,"minecraft:damage_taken":596,"minecraft:crouch_one_cm":65,"minecraft:play_time":11645,"minecraft:sprint_one_cm":30703,"minecraft:walk_one_cm":16883,"minecraft:deaths":2,"minecraft:sneak_time":6,"minecraft:jump":249,"minecraft:damage_dealt":224,"minecraft:leave_game":3,"minecraft:time_since_death":6145,"minecraft:sleep_in_bed":1,"minecraft:total_world_time":11645,"minecraft:interact_with_crafting_table":4,"minecraft:fly_one_cm":46563,"minecraft:fall_one_cm":11783,"minecraft:player_kills":1},"minecraft:picked_up":{"minecraft:oak_log":5,"minecraft:dirt":11,"minecraft:cobblestone":43},"minecraft:mined":{"minecraft:grass":5,"minecraft:grass_block":3,"minecraft:oak_log":5,"minecraft:dirt":8,"minecraft:tall_grass":1,"minecraft:cobblestone":3,"minecraft:stone":41,"minecraft:oak_leaves":1},"minecraft:killed_by":{"minecraft:player":1}},"DataVersion":3463}