{"stats":{"minecraft:broken":{"minecraft:stone_pickaxe":3,"minecraft:stone_axe":1},"minecraft:used":{"minecraft:diamond_boots":1,"minecraft:stone_pickaxe":327,"minecraft:shield":3,"minecraft:wooden_pickaxe":7,"minecraft:wooden_shovel":9,"minecraft:cooked_chicken":3,"minecraft:iron_chestplate":2,"minecraft:white_wool":2,"minecraft:torch":1,"minecraft:dirt":2,"minecraft:crafting_table":4,"minecraft:spider_eye":2,"minecraft:bread":3,"minecraft:stone_axe":81,"minecraft:cobblestone":22,"minecraft:furnace":6,"minecraft:andesite":3,"minecraft:cooked_beef":3},"minecraft:custom":{"minecraft:interact_with_furnace":14,"minecraft:mob_kills":31,"minecraft:traded_with_villager":16,"minecraft:interact_with_crafting_table":14,"minecraft:leave_game":10,"minecraft:time_since_death":11534,"minecraft:sleep_in_bed":1,"minecraft:time_since_rest":11564,"minecraft:sprint_one_cm":101168,"minecraft:damage_taken":1530,"minecraft:walk_one_cm":94191,"minecraft:damage_blocked_by_shield":180,"minecraft:drop":53,"minecraft:damage_dealt":4397,"minecraft:swim_one_cm":1407,"minecraft:talked_to_villager":8,"minecraft:fly_one_cm":154177,"minecraft:player_kills":1,"minecraft:open_chest":2,"minecraft:crouch_one_cm":218,"minecraft:play_time":36657,"minecraft:deaths":3,"minecraft:sneak_time":61,"minecraft:walk_under_water_one_cm":349,"minecraft:jump":868,"minecraft:walk_on_water_one_cm":413,"minecraft:total_world_time":36657,"minecraft:fall_one_cm":25538},"minecraft:crafted":{"minecraft:cooked_beef":3,"minecraft:oak_planks":24,"minecraft:wooden_shovel":1,"minecraft:emerald":16,"minecraft:cooked_porkchop":3,"minecraft:crafting_table":2,"minecraft:wooden_pickaxe":1,"minecraft:cooked_chicken":4,"minecraft:furnace":8,"minecraft:stone_axe":1,"minecraft:cooked_mutton":7,"minecraft:air":0,"minecraft:stick":16,"minecraft:stone_pickaxe":4,"minecraft:white_bed":1},"minecraft:picked_up":{"minecraft:crafting_table":4,"minecraft:iron_chestplate":9,"minecraft:feather":9,"minecraft:chicken":7,"minecraft:andesite":3,"minecraft:brown_wool":1,"minecraft:leather":4,"minecraft:oak_log":6,"minecraft:shield":15,"minecraft:dirt":34,"minecraft:string":6,"minecraft:raw_copper":16,"minecraft:bone":1,"minecraft:diamond_leggings":2,"minecraft:stone_pickaxe":1,"minecraft:iron_ingot":4,"minecraft:beef":8,"minecraft:wooden_shovel":1,"minecraft:iron_pickaxe":2,"minecraft:oak_planks":8,"minecraft:furnace":6,"minecraft:stick":3,"minecraft:cooked_porkchop":2,"minecraft:torch":5,"minecraft:porkchop":7,"minecraft:spider_eye":2,"minecraft:arrow":1,"minecraft:rotten_flesh":2,"minecraft:stone_axe":1,"minecraft:chainmail_leggings":10,"minecraft:diamond_boots":2,"minecraft:bread":3,"minecraft:oak_sapling":1,"minecraft:mutton":14,"minecraft:coal":84,"minecraft:white_wool":11,"minecraft:cobblestone":578},"minecraft:killed":{"minecraft:pig":4,"minecraft:spider":4,"minecraft:iron_golem":1,"minecraft:sheep":7,"minecraft:skeleton":1,"minecraft:zombie":3,"minecraft:chicken":7,"minecraft:cow":4},"minecraft:mined":{"minecraft:crafting_table":3,"minecraft:grass_block":3,"minecraft:tall_grass":3,"minecraft:copper_ore":3,"minecraft:cobblestone":11,"minecraft:furnace":6,"minecraft:andesite":3,"minecraft:grass":16,"minecraft:oak_log":5,"minecraft:coal_ore":8,"minecraft:gravel":1,"minecraft:dirt":8,"minecraft:stone":302,"minecraft:oak_leaves":5},"minecraft:killed_by":{"minecraft:player":1,"minecraft:creeper":1},"minecraft:dropped":{"minecraft:iron_ingot":4,"minecraft:raw_copper":8,"minecraft:feather":5,"minecraft:emerald":16,"minecraft:dirt":23,"minecraft:shield":5,"minecraft:iron_chestplate":7,"minecraft:brown_wool":1,"minecraft:arrow":1,"minecraft:wooden_pickaxe":1,"minecraft:chainmail_leggings":9,"minecraft:string":1305,"minecraft:white_wool":2}},"DataVersion":3463}