{"stats":{"minecraft:used":{"minecraft:dirt":2},"minecraft:custom":{"minecraft:jump":207,"minecraft:time_since_rest":3127,"minecraft:damage_dealt":224,"minecraft:crouch_one_cm":65,"minecraft:deaths":1,"minecraft:sprint_one_cm":21838,"minecraft:play_time":4619,"minecraft:damage_taken":406,"minecraft:time_since_death":3102,"minecraft:walk_one_cm":10540,"minecraft:sneak_time":6,"minecraft:total_world_time":4619,"minecraft:fall_one_cm":8246,"minecraft:fly_one_cm":36367,"minecraft:player_kills":1},"minecraft:picked_up":{"minecraft:dirt":2},"minecraft:mined":{"minecraft:grass_block":1,"minecraft:tall_grass":1,"minecraft:grass":5,"minecraft:dirt":1},"minecraft:killed_by":{"minecraft:player":1}},"DataVersion":3463}