{"stats":{"minecraft:broken":{"minecraft:stone_pickaxe":2},"minecraft:used":{"minecraft:stone_pickaxe":302,"minecraft:wooden_pickaxe":7,"minecraft:wooden_shovel":9,"minecraft:torch":1,"minecraft:stone_axe":7,"minecraft:iron_chestplate":1,"minecraft:dirt":2,"minecraft:cobblestone":11,"minecraft:crafting_table":2,"minecraft:andesite":3},"minecraft:crafted":{"minecraft:oak_planks":20,"minecraft:wooden_shovel":1,"minecraft:emerald":16,"minecraft:crafting_table":2,"minecraft:stick":16,"minecraft:wooden_pickaxe":1,"minecraft:stone_pickaxe":3,"minecraft:stone_axe":1,"minecraft:air":0},"minecraft:custom":{"minecraft:time_since_rest":18470,"minecraft:sprint_one_cm":47364,"minecraft:damage_taken":708,"minecraft:walk_one_cm":61168,"minecraft:drop":37,"minecraft:damage_dealt":765,"minecraft:traded_with_villager":16,"minecraft:interact_with_crafting_table":7,"minecraft:talked_to_villager":8,"minecraft:fly_one_cm":66046,"minecraft:player_kills":1,"minecraft:open_chest":2,"minecraft:crouch_one_cm":174,"minecraft:play_time":23945,"minecraft:deaths":2,"minecraft:sneak_time":34,"minecraft:jump":490,"minecraft:leave_game":7,"minecraft:time_since_death":18445,"minecraft:sleep_in_bed":1,"minecraft:total_world_time":23945,"minecraft:fall_one_cm":14326},"minecraft:picked_up":{"minecraft:crafting_table":1,"minecraft:iron_chestplate":8,"minecraft:andesite":3,"minecraft:torch":1,"minecraft:oak_log":5,"minecraft:shield":8,"minecraft:string":1,"minecraft:dirt":11,"minecraft:raw_copper":8,"minecraft:diamond_leggings":1,"minecraft:chainmail_leggings":9,"minecraft:diamond_boots":1,"minecraft:iron_pickaxe":1,"minecraft:coal":8,"minecraft:cobblestone":292},"minecraft:mined":{"minecraft:andesite":3,"minecraft:crafting_table":1,"minecraft:grass":5,"minecraft:grass_block":3,"minecraft:oak_log":5,"minecraft:coal_ore":8,"minecraft:dirt":8,"minecraft:tall_grass":1,"minecraft:copper_ore":3,"minecraft:cobblestone":8,"minecraft:stone":287,"minecraft:oak_leaves":1},"minecraft:killed_by":{"minecraft:player":1},"minecraft:dropped":{"minecraft:iron_chestplate":7,"minecraft:chainmail_leggings":8,"minecraft:string":1305,"minecraft:emerald":16}},"DataVersion":3463}