{
  "minecraft:recipes/decorations/crafting_table": {
    "criteria": {
      "unlock_right_away": "2024-08-24 22:44:17 +0000"
    },
    "done": true
  },
  "minecraft:adventure/root": {
    "criteria": {
      "killed_something": "2024-08-24 22:45:14 +0000"
    },
    "done": true
  },
  "minecraft:adventure/adventuring_time": {
    "criteria": {
      "minecraft:forest": "2024-08-24 22:46:41 +0000",
      "minecraft:meadow": "2024-08-24 22:44:18 +0000",
      "minecraft:plains": "2024-08-24 22:48:03 +0000"
    },
    "done": false
  },
  "DataVersion": 3463
}